{
	"class_name" : "PinholeCameraParameters",
	"extrinsic" : 
	[
		0.87306874116206656,
		-0.1497139958042587,
		-0.4640438477838133,
		0.0,
		-0.22208124940157004,
		-0.96934803901885791,
		-0.10509185465359625,
		0.0,
		-0.43408627238133446,
		0.19480785074174339,
		-0.87955614341522315,
		0.0,
		2214.1057058598444,
		-1009.2799098934806,
		16492.776573246261,
		1.0
	],
	"intrinsic" : 
	{
		"height" : 1055,
		"intrinsic_matrix" : 
		[
			913.65680099258282,
			0.0,
			0.0,
			0.0,
			913.65680099258282,
			0.0,
			959.5,
			527.0,
			1.0
		],
		"width" : 1920
	},
	"version_major" : 1,
	"version_minor" : 0
}